"Sample_ID","Time_Point","Replicate","Group","Metabolite_A","Metabolite_B","Metabolite_C","Metabolite_D","Metabolite_E","Metabolite_F","Metabolite_G","Metabolite_H","Metabolite_I","Metabolite_J","Metabolite_K","Metabolite_L","Metabolite_M","Metabolite_N","Metabolite_O","Metabolite_P","Metabolite_Q","Metabolite_R","Metabolite_S","Metabolite_T","Metabolite_U","Metabolite_V","Metabolite_W","Metabolite_X","Metabolite_Y","Metabolite_Z","Metabolite_NA"
"Sample_001",0,1,"Control",3319.86,823.48,1828.22,2763.18,1650.79,1152.73,1159.29,708.57,1596.37,1147.37,1535.7,935.49,760.87,566.07,1783.12,900.21,814.21,1008.82,2234.44,928.9,2444.04,1519.75,1898.78,1685.22,559.14,2222.71,6589.94
"Sample_002",2,2,"Treatment",2776.58,1054.24,2458.65,1740.44,1664.83,1116.02,840.24,613.78,2563.76,1617.45,1724.05,790.05,1166.13,896.63,1717.14,1078.33,638.55,1284.78,1999.23,645.94,3330.75,2157.67,2546.13,2342.74,286.28,2458.82,790.46
"Sample_003",4,3,"Control",2353.69,1014.28,2609.31,1871.36,1633.67,1966.65,1125.07,928.83,2556.34,1225.79,2143.03,857,878.14,1007.97,1323.92,679.59,939.68,1194.38,1791.9,748.71,2900.48,1784.86,2833.13,2428.76,674.85,2175.75,721.59
"Sample_004",8,1,"Treatment",3323.91,1039.23,1970.8,2485.7,1158.24,2653.08,921.67,910.6,3065.95,1450.8,2219.47,1043.31,1263.28,646.09,1781.05,1289.36,830.32,1197.42,1361.59,906.27,2586.26,3054.72,3514.86,2501.98,499.01,2515.75,NA
"Sample_005",12,2,"Control",3657.57,833.69,2425.31,19297.04,2591.12,1987.7,920.36,1235.74,1895.96,1889.35,2600.69,634.23,1562.36,585.66,1213.02,787.52,1266.26,1352.81,1401.89,1308.81,2972.19,1925.16,2466.54,2112.22,1093.93,2764.81,NA
"Sample_006",24,3,"Treatment",3386.49,1209.11,1415.96,2513.62,1950.43,2265.45,861.36,1406.45,2715.18,1696.09,2833.24,898.31,2027.38,531.26,1129.89,1089.6,1216.14,2405.08,1631.82,1902.87,3417.09,2520.89,3568.29,3160.91,1064.43,3410.56,550.04
"Sample_007",0,1,"Control",3653.72,1065.41,2228.59,2501.36,1553.84,2183.33,1280.47,924.18,1675.61,853.47,1352.04,961.09,933.51,704.79,2380.54,807.8,748.09,1219.13,1984.99,953.38,1700.82,2339.67,2699.76,NA,390.65,2211.91,733.28
"Sample_008",2,2,"Treatment",2087.89,1171.37,2962.91,1636.78,2270.83,NA,1075.09,703.93,2321.44,1233.13,1832.55,827.19,1216.72,898.27,1758.26,1152.64,578.76,1466.6,1313.46,613.83,2693.97,2413.07,1923.16,3316.3,230.68,1988.66,NA
"Sample_009",4,3,"Control",3054.02,1000.99,3406.02,2617.53,1575.14,2231.7,961.76,898.71,2458.53,1132.76,1281.14,426.55,851.21,868.71,1375.79,1024.97,869.39,1360.6,1906.32,1092.54,2673.74,2189.5,2697.05,1161.47,762.95,2597.15,1047.48
"Sample_010",8,1,"Treatment",2418.05,1165.47,1889.65,NA,2346.88,1953.59,1234.9,1014.14,1837.18,1608.58,2320.61,781.66,1234.45,837.18,745.45,1195.21,630.16,1479.66,1824.54,1008.81,3211.87,2206.11,1945.83,3455.71,440.08,1891.05,460.97
"Sample_011",12,2,"Control",4233.46,1481.13,2340.29,1993.03,1819.68,1962.73,1551.05,1145.97,2472.02,1422.43,2032.65,1020.72,1523.03,840.68,817.97,948.86,1163.53,1901.03,1827.84,1468.74,2829.25,1640.2,2620.71,2692.17,930.4,3204.08,2988.45
"Sample_012",24,3,"Treatment",3772.85,NA,2824.72,2033.34,1609.76,2216.96,1029.8,1465.71,2195.14,1812.36,2450.66,941.45,2015.64,624.93,2082.94,637.7,1272.24,2672.03,1993.3,1650.36,2882.35,1847.73,3009.12,2875.66,953.29,3212.91,192.02
"Sample_013",0,1,"Control",3519.98,802.81,2456.93,2058.24,1033.52,2149.22,1103.44,744.8,1969.23,884.78,1671.07,753.71,759.14,749.08,2107.06,905.24,808.83,1173.56,2626.96,1080.5,2535.98,2198.25,2405.13,2152.92,537.96,1992.47,NA
"Sample_014",2,2,"Treatment",3295.12,1030.48,2246.64,3011.88,1174.47,1579.42,1456.94,766.49,2168.27,1588.13,1939.8,865.04,1060.19,900.82,1138.5,1088.51,573.87,1386.15,2006.77,945.29,2263.32,1142.3,1951.27,2327.47,391.54,2136.52,356.41
"Sample_015",4,3,"Control",3460.91,1349.52,2383.67,3008.74,2136.98,2022.76,1097.04,1069.79,2283.44,1352,1757.28,960.35,699.5,714.5,1217.95,730.57,750.38,1406.61,1152.91,848.25,2201.32,1236.34,2786.63,3099.48,791.23,1788.02,851.47
"Sample_016",8,1,"Treatment",3292.24,1068.83,2573.05,1914.03,1104.01,1487.98,886.85,1094.46,2685.77,1325.68,2153.12,841.8,1148.52,619.23,2077.01,979.02,846.42,1565.74,2075.23,1159.39,3012.37,1927.03,3916.4,3457.47,556.08,2276.34,453.03
"Sample_017",12,2,"Control",3872.47,1239.37,3525.07,2298.67,2494.8,2121.36,999.61,1013.2,2441.16,1480.28,2017.29,964.94,1414.52,509.03,1976.79,1077.28,1195.25,1407.14,1467.38,1280.7,2400.24,1176.87,2454.12,2771.94,919.91,3085.63,NA
"Sample_018",24,3,"Treatment",3298.94,1443.32,1799.1,3034.8,2596.59,1680.8,1107.03,1644.11,1905.36,1931.06,2736.33,1105.43,1732.93,1116.29,1203.93,1032.37,NA,1957.71,826.17,1741.09,3484.58,2031.24,3832.35,2997.92,1106.37,4037.94,383.02
"Sample_019",0,1,"Control",2945.29,845.89,3007.17,1926.13,2081.63,2038.79,1199.79,768.37,2017.04,1290.89,1754.06,652.97,861.71,512.13,1612.96,848.97,668.01,1084.98,2037.9,1048.35,2697.92,2198.67,974.15,2102.63,571.29,1508.87,NA
"Sample_020",2,2,"Treatment",2659.76,963.15,3250.85,2208.64,1445.29,1951.34,869.28,684.39,2276.38,1379.35,2129.1,878.8,1103.14,799.53,1916.16,1286.24,861.53,939.12,1780.06,802.84,3609.46,2493.03,2772.82,2028.37,383.18,2294.7,298.86
"Sample_021",4,3,"Control",4048.29,1096.32,2383.92,1915.47,2490.03,1773.86,1418.55,891.28,2571.76,912.68,2023.04,754.05,797.78,1058.35,1996.78,748.88,872.4,1221.53,1854.96,1051.25,2735.34,2429.75,2039.71,1789.38,669.34,1904.89,648.44
"Sample_022",8,1,"Treatment",3984,1080.32,2059.02,2585.43,1664.84,1995.68,1377.33,935.36,2813.13,1651.73,1870.06,990.74,1471.07,898.41,1035.21,1101.34,6887.4,1787.5,1409.84,1002.17,3385.27,2323.9,3041,2432.07,515.19,2489.4,327.76
"Sample_023",12,2,"Control",3533.93,1479.18,2910.18,2664.1,2047.3,2100.25,1139.3,1119.36,3200.47,1178.02,1787.05,639.5,1243.9,694.05,1784.22,1037.26,1042.01,1755.58,2045.87,1804.39,3566.62,2146.39,3188.73,3083.78,1096.95,2638.73,643.11
"Sample_024",24,3,"Treatment",3921.56,1362.09,1706.37,2753.8,1531.37,1756.33,898.4,1290.18,2727.94,1947.53,3201.39,1263.87,NA,780.45,1779.69,898.93,1388.7,2636.79,157.932,1953.31,3733.12,2082.02,2682.69,2918.69,926.1,3046.32,420.97
"Sample_025",0,1,"Control",2567.33,939.38,2778.09,2132.94,1815.38,2308.07,NA,624.3,2024.82,NA,1810.7,1040.84,626.66,1052.87,1928.93,734.52,773.21,1173.15,1512.27,875.3,2474.99,2023.47,2040.62,2153.37,485.81,2023.17,965.7
"Sample_026",2,2,"Treatment",3189.2,1197.96,2045.22,2175.08,1662.45,2334.52,3791.9,983.62,2229.21,1044.43,1759.14,750.71,1050.84,824.41,1693.23,1026.18,640.94,1242.7,1182.54,660.47,2574.26,1812.65,2926.16,2874.82,148.28,2797.05,NA
"Sample_027",4,3,"Control",3343.25,885.08,3691.35,2237.46,1420.39,1627.42,799.66,1009.5,3050.79,1489.87,1432.85,732.47,1231.22,669.88,1477.67,660.53,808.28,1412.71,1313.74,1374.46,2869.18,2877.53,2722.13,2353.2,520.58,1696.99,NA
"Sample_028",8,1,"Treatment",2494.38,1157.08,1952.47,2125.43,17156.72,1530.91,802.78,826.85,2451.8,1769.32,2281.24,773.34,1456.66,993.75,1605.65,1121.24,675.57,1708.51,1603.9,1001.08,3150.43,1777.5,2347.92,NA,473.45,2302.6,578.14
"Sample_029",12,2,"Control",3354.3,931.01,3089.23,NA,1876.04,2077.5,884.81,969.85,2780.88,1220.73,1715.56,864.48,1255.74,1012.84,2333.66,841.6,899.23,1201.05,2004.59,1481.57,3066.99,2609.14,2641.4,2192.1,991.56,2619.09,482.01
"Sample_030",24,3,"Treatment",4932.31,1701.11,2009.63,2917.73,1809.44,1501.08,1377.7,1692.93,2681.62,1781.29,3109.61,929.24,2183.07,544.91,880.88,1106.7,1395.73,2399.67,1884.01,1931.08,2631.52,2363.02,2278.41,3163.57,982.98,3387.24,414.77
"Sample_031",0,1,"Control",2880.35,972.19,2479.23,2181.78,2060.72,1701.66,1017.82,1031.86,NA,921.24,2017.95,838.55,1237.05,887.42,1247.47,1189.29,1004.69,672.02,2337.05,766.35,3031.83,2827.83,2064.75,1637.95,548.6,1939.09,779.36
"Sample_032",2,2,"Treatment",2259.47,958.38,2018.37,2392.74,1931.87,2113.98,1191.73,664,2411.49,1225.6,1278.27,581.39,1047.96,815.05,1898.93,1367.75,NA,1202.19,1776.87,640.44,2426.83,2431.54,2494.86,2038.78,334.37,2291.41,NA
"Sample_033",4,3,"Control",3497.21,847.67,2127.8,1935.19,1546.26,1660.52,940.9,671.43,1748.4,1280.11,1512.13,868.35,1246.87,867.07,2298.29,625.56,945.74,1097.22,1803.97,985.97,2713.37,1813.38,3120.07,1706.29,583.82,2047.64,854.61
"Sample_034",8,1,"Treatment",2630.74,1163.86,1740.79,2719.01,1755.33,1100.59,1210.03,1350.65,2731.2,1288.4,2401.88,924.9,1447.72,850.18,1907.67,1426.6,561.51,1572.67,1824.69,1015.3,2276.21,1971.55,2968.71,2375.56,534.62,2527.53,557.29
"Sample_035",12,2,"Control",2733.18,1085.55,2380.49,2639.04,2387.51,2133.91,1219.39,1138.58,2606.52,1292.98,2539.85,624.35,1347.63,719.63,2032.63,808.63,1071.05,1784.29,1856.5,989.04,3783.75,1380,2573.41,2595.66,897.38,2479.08,346.02
"Sample_036",24,3,"Treatment",3724.19,1351.29,2832.51,2129.62,1897.58,1243.34,1284.3,1463.44,2591.22,1804.22,2890.57,1056.68,2262.94,765.69,1552.99,889.48,1282.64,2409.64,1416.46,1629.28,4071.25,2402.72,3720.09,NA,1136.48,3595.03,80.58
"Sample_037",0,1,"Control",3110.83,1293.35,2285.92,2026.82,2421.48,1363.17,1180.9,758.12,3085.48,1047.07,1533.04,829.09,449.7,588.04,1666.49,1198.71,755.8,848.82,2013.03,997.03,2764.12,2028.32,2313.75,1642.57,627.4,2185.12,NA
"Sample_038",2,2,"Treatment",2573,1018.51,1515.01,2315.78,874.79,685.19,1522.03,989.88,2603.44,1386.15,1999.12,851.13,1052.94,577.05,1811.59,1197.03,500.77,1289.86,1526.25,770.99,2518.85,2114.24,2840.81,1949.96,402.38,2151.47,605
"Sample_039",4,3,"Control",1323.06,881.91,2512.39,1805.79,1765.88,2185.81,851.96,837.29,1763.71,1497.27,2084.74,840.18,1258.96,870.04,1188.58,1146.89,951.45,1106.44,3039.84,1113.98,2131.88,2012.98,2103.59,1632.9,612.09,2613.07,973.77
"Sample_040",8,1,"Treatment",2464.33,1199.03,2098.62,1945.34,2111.97,1915.5,1209.49,1176.79,2748.03,1383.99,2451.74,985.49,1460.96,781.8,1969.55,1069.45,698.27,1734.62,633.68,708.15,2958.55,1841.36,3078.5,2725.3,380.3,2520.03,729.56
"Sample_041",12,2,"Control",3542.38,1175.55,3089.56,2102.88,2633.88,2058.34,1184.96,1071.33,2121.95,1163.89,1994.88,943.75,1513.81,702.39,NA,656.44,1153.74,1703.37,2343.57,1449.03,3449.49,1756.73,2905.96,2570.85,969.14,2726.85,644.98
"Sample_042",24,3,"Treatment",3842.29,1582.39,NA,2740.93,2268.09,2158.51,896.05,1510.99,2871.12,2004.13,NA,940.63,2310.11,437.6,1914.09,613.34,1442.98,2335.38,2414.64,1682.29,3347.99,2297.81,3680.36,2536.81,867.04,3331.56,90.54
"Sample_043",0,1,"Control",2039.61,1323.12,903.04,2596.66,1789.3,1854.02,1279.83,592.39,2049.74,1148.94,1591.07,1008.72,881.35,687.51,1558.45,1071.28,858.35,973.69,1915.67,877.04,2991.1,2536.67,2131.31,1354.26,470.57,1678.88,575.97
"Sample_044",2,2,"Treatment",2465.92,850.42,2667.76,1530.7,2303.94,1400.3,1188.02,805.52,2218.44,1397.75,1651.65,882.96,1159.68,824.81,2029.99,966.77,584.11,1530.52,2076.61,872.48,3791.22,2160.9,2939.27,2318.57,363.72,2439.64,NA
"Sample_045",4,3,"Control",1022.44,1195.89,1668.5,1756.05,1439.61,2085.79,1151.93,1045.24,1565.07,1282.54,1123.13,820.07,1167.9,682.73,1658.16,996.62,967.46,1044.98,1718.12,1305.7,2130.92,2080.78,1819.65,1992.27,844.38,1402.52,1009.41
"Sample_046",8,1,"Treatment",3858.88,1182.92,2562,2220.89,2120.44,2308.99,1331.71,934.43,1925.77,1178.87,2031.03,1077.28,1192.08,781.06,1268.5,1098.02,923.78,1661.72,2071.11,941.34,3256.14,2189.43,2240.1,2063.59,699.34,2084.23,488.24
"Sample_047",12,2,"Control",3682.67,1434.38,3471.06,1437.07,1980.73,1324.47,1011.99,1295.82,1673.32,1560.68,2168.82,1049.59,NA,782.54,1909.31,866.88,1066.9,1560.83,2171.07,1306.83,3841.79,2002.8,2418.1,2883.61,855.16,2745.53,796.64
"Sample_048",24,3,"Treatment",3774.04,1413.77,2627.22,2177.23,2363.19,1615.62,1158.53,1842.85,1308.49,1931.88,3003.19,896.5,2199.43,676.35,1244.95,1178.56,1151.09,2263.44,1054.61,1659.05,2803.52,1888.42,3810.6,3086.89,1189.7,3718.94,NA
"Sample_049",0,1,"Control",2956.06,1200.57,2708.77,1692.92,1316.42,1760.44,1018.83,887.42,2637,1270.83,1477.21,657.53,763.29,842.24,1720.22,789.39,587.96,906.76,1401.4,1008.76,3152.04,2239.72,2594.09,2032.63,832.97,1336.62,NA
"Sample_050",2,2,"Treatment",2314.1,695.66,3828.06,2006.42,2452.18,NA,1127.71,742.93,2926.28,1219.59,1432.93,773.22,859.42,757.26,1929.96,1041.35,537.31,1358.06,1875.06,695.8,1155.63,2421.16,2915.17,2598.41,350.82,2611.29,623.05
"Sample_051",4,3,"Control",2812.17,1449.89,3035.47,1160.13,2283.6,2134.53,1675.47,880.33,1824.96,763.01,1737.52,649.5,1000.52,708.79,1112.92,803.74,1048.92,1042.36,1454.38,979.77,2983.68,NA,2114.18,2351.72,700.54,1600.09,NA
"Sample_052",8,1,"Treatment",4016.63,1343.34,2994.78,2431.31,8632.54,1597.54,886.68,894.03,2453.4,1376.89,2267.65,630.21,1342.23,729.02,1126.51,1262.46,730.07,1675.37,2167.69,976.22,3097.81,2317.97,3207.93,2422.43,555.18,2226.66,456.13
"Sample_053",12,2,"Control",3681.23,1219.15,NA,1850.51,1744.11,2355.48,1168.25,1429.66,2445.74,1139.98,2700.25,937.82,1277.62,821.95,1737,701.26,1020.45,1324.04,1971.5,1647.73,2538.33,1698.26,2612.09,1995.93,1037.99,1996.64,641.83
"Sample_054",24,3,"Treatment",2171.32,1162.98,2404.26,3087.71,2997.8,1862.61,1630.33,993.66,2780.72,2309.59,2230.28,987.62,NA,825.1,2059.28,926.4,1371.97,2501.78,1671.27,1541.5,2699.23,NA,2932.85,3596.45,NA,3174.67,449.6
"Sample_055",0,1,"Control",3334.05,1160.74,2511.26,2323.68,2256.61,2141.98,1019.81,NA,2504.29,979.4,1201.43,925.46,979.74,1138.3,1943.82,1013.49,664.64,946.58,2029.14,819.19,3862.21,2259.5,1826.48,1342.48,507.06,1932.04,NA
"Sample_056",2,2,"Treatment",2683.69,NA,NA,1713.37,1000.71,2397.49,1462.89,796.51,2774.22,1301.34,1998.46,888.68,914.42,642.4,1172.11,1258.21,823.92,1589.2,1855.3,532.07,2797.33,NA,2531.63,2910.19,341.08,2316.45,437.11
"Sample_057",4,3,"Control",3021.7,1101.07,2410.57,2077.11,2131.03,1974.3,804.48,897.8,2372.23,1383.32,1325.28,909.45,1087.55,648.41,1769.99,983.58,1004.7,1315.67,2332.64,1443.82,2272.14,1932.27,3169.04,1959.33,816.72,1949,577.94
"Sample_058",8,1,"Treatment",2817.18,1196.61,2183.92,2107.7,1231.85,2224.24,1171.87,726.17,2045.17,1612.83,2734.24,840.99,1396.93,868.4,1541.82,1085.64,732.11,1588.3,1672.95,902.73,4006.92,1909.14,2977.55,3403.38,616.25,2447.32,436.72
"Sample_059",12,2,"Control",3863.69,1130.01,2673.88,2459.98,1517.94,1964.26,803.77,1136.57,2298.82,1477.35,2468.65,729.41,1580.76,976.94,1647.34,917.62,859.41,1518.02,1936.28,1569.49,3533.77,2157.4,2523.02,2375.38,NA,2621.32,494
"Sample_060",24,3,"Treatment",3627.06,1536.89,1887.85,2499.4,2266.31,1277.32,703.64,1463.58,2854.63,2397.34,3084.48,1139.05,2033.48,888.03,1459.84,1007.1,1528.87,NA,1509.14,1708.96,3424.22,2088.09,3100.19,2888.85,978.05,2872.26,NA
"Sample_061",0,1,"Control",2913.39,1089.09,2767.47,1781.25,2020.73,NA,885.51,934.72,1995.61,1103.16,1303.19,944.91,514.35,703.31,1325.11,763.6,567.54,1198.26,2282.29,842.85,3002.87,3083.81,1783.55,2057.55,744.89,1644.94,1011
"Sample_062",2,2,"Treatment",2601.41,997.17,2514.18,2471.87,1243.75,2082.27,872.46,858.25,3044.94,1754.23,1953.34,604.59,1179.25,689.74,1525.5,1437.55,521.43,1521.88,1498.15,653.34,2792.53,2083.4,1586.84,2884.72,317.75,2686.22,724.38
"Sample_063",4,3,"Control",3962.31,827.52,2516.8,2098.85,2162.11,2058,961.32,1032.52,2520.55,1210.52,1728.72,986.23,1018.82,1021.43,1339.56,518.51,924.25,1295.2,1310.23,912.33,2488.89,2026.99,2449.8,1441.54,700.73,980.6,930.8
"Sample_064",8,1,"Treatment",3355.82,1309.6,3240.54,2279.75,2094.64,1756.58,887.73,815.83,2608.71,1168.81,2405.04,631.49,1610.56,1007.86,1741.35,1224.9,897.07,1323.15,1538.36,1219.74,2713.13,1690.08,1964.26,2430.58,753.16,2820.58,637.21
"Sample_065",12,2,"Control",3480.39,1364.16,2256.34,2913.66,1673.43,1430.12,1025.49,1085.7,2212.27,858.02,1932.34,879.38,NA,756.1,1284.06,844.01,1133.74,1615.57,1022.76,1520.55,2886.08,2283.8,3276.57,2579.18,949.92,NA,795.6
"Sample_066",24,3,"Treatment",4607.59,1289.01,2173.1,2265.89,2386.04,2084.32,1167.01,1464.19,3195.15,1973.68,2914.05,946.66,1749.38,961.59,1770.97,961.07,1347.66,2127,1053.61,1707.77,2938.95,1862.13,22522.01,3174.22,1030.94,3761.29,NA
"Sample_067",0,1,"Control",2899.3,700.48,2854.34,1815.83,1904.97,1527.02,872.02,787.4,NA,854.31,1627.32,799.07,880.86,774.64,2097.25,767.35,675.47,1060.49,1901.31,682.21,2563.3,2063.27,2223.94,2088.06,441.85,1759.58,NA
"Sample_068",2,2,"Treatment",2077.11,NA,2822.31,1676.32,2252.78,1345.62,1116.07,676.44,2246.96,1356.36,2075.56,1068.75,890.56,668.06,1798.73,1076.49,283.25,1284.22,1306.56,631.54,3930.73,2517.44,2456.5,2215.21,428.81,2480.19,920.99
"Sample_069",4,3,"Control",3144.97,1031.39,3007.99,2021.42,1950.19,2097.44,620.4,1086.84,2472.9,1535.8,1615.69,636.47,683.68,750.34,2560.3,1159.98,943.52,1204.57,2167.03,1219.23,1877.62,2595.39,2772.65,1714.7,817.83,2193.05,3288.7
"Sample_070",8,1,"Treatment",2241.26,1217.42,2363.34,2702.71,2179.52,1360.6,1105.99,NA,2254.02,1554.5,2037.57,878.81,1478.02,780.85,773.41,1060.1,740.79,1448.75,1614.07,811.64,2986.91,1996.59,2936.58,3724.12,569.16,2210.72,3855.9
"Sample_071",12,2,"Control",3763.39,983.99,2669.1,1273.4,1761.61,1976.85,1117.13,863.19,1866.52,1272.32,2366.45,1305.66,1053.22,480.8,1425.58,717.05,1317.74,1556.28,1401.45,1311.3,3481.37,1783.58,2547.55,1866.58,883.15,2716.91,394.93
"Sample_072",24,3,"Treatment",4257.36,1263.73,2037.77,2377.87,2569.3,1843.64,792.16,1495.66,1510.8,1423.98,2936.13,76.896,2316.66,671.07,818.32,803.51,1500.42,2740.75,1792.09,1839.15,2991,2069.21,3887.45,3515.42,941.5,3386.06,275.28
"Sample_073",0,1,"Control",3676.45,1251.82,2352.57,1530.83,2550.41,1373.04,1186.15,846,2456.88,896.72,1190.7,717.31,800.74,710.93,1675.67,787.6,732.65,1425.92,1763,940.11,3729.45,2495.81,2627,1588.57,541.79,1764.37,784.81
"Sample_074",2,2,"Treatment",2169.96,11376.7,2787.22,2874.2,2315.08,2254.87,1601.46,921.07,2385.29,1224.48,1478.41,882.22,964.31,871.22,983.38,1107.31,333.34,902.35,1932.58,611.69,1698.8,2184.31,2551.46,1531.33,492.35,1982.72,602.05
"Sample_075",4,3,"Control",2715.05,1223.01,2751.12,2582.06,1940.21,1653.29,1082.1,724.6,2614.04,1302.44,1976.6,875.14,880.64,675.76,1770.48,606.86,860.22,880.99,1909.75,1341.43,2177.49,2059.34,1864.56,2241.66,692.21,2008.87,NA
"Sample_076",8,1,"Treatment",2874.21,1538.84,2774.93,2479.86,2239.82,2270.33,1014.67,921.75,2173.47,1583.6,2284.81,834.88,1047.63,843.28,NA,1276.86,708.81,1398.44,1588.91,777.35,1917.4,2412.23,3248.89,3417.05,695.41,2646.71,448.63
"Sample_077",12,2,"Control",3756.76,1276.66,2049.75,2676.89,2569.52,1707.83,1604.09,905.88,2211.62,1336.61,2190.59,843.24,1460.38,806.03,961.88,801.38,1026.16,1323.97,1385.2,1658.52,1944.42,2224.3,2935.37,2715.76,1013.57,2485.34,786.68
"Sample_078",24,3,"Treatment",2697.04,1049.45,2948.1,2130.41,2197.46,1627.56,1185.54,1561.72,2313.41,1873.44,3326.48,1189.24,1739.97,654.34,1583.31,1213.25,1313.13,2857.68,445.57,1844.57,3028.2,2422.41,3110.76,2445.51,967.35,2726.95,291.11
"Sample_079",0,1,"Control",3047.97,1097.14,3012.86,2385.7,2274.96,1858.04,1161.65,798.67,2460.73,1006.17,1913.08,790.43,918.51,769.13,2099.03,1047.43,697.69,1256.78,1150.4,507.05,1775.11,1224.82,2286.01,1771.98,490.99,2031.31,714.21
"Sample_080",2,2,"Treatment",2820.63,1295.55,2275.7,2061.57,772.27,1679.83,1440.29,916.53,2327.54,1353.85,2109.72,930.21,893.29,1164.54,1192.48,1369.35,606.66,1399.38,1115.47,772.45,2200.95,1662.19,1871.34,2040.94,403.52,2018.34,500.2
"Sample_081",4,3,"Control",2494.26,1526.01,3502.03,2166.34,2195.29,1741.62,1408.71,956.77,2748.86,1214.35,1155.21,902.95,1128.48,998.41,1173.27,610.68,811.3,1431.67,1574.52,1192.66,3881.37,1507.57,2700.2,1712.76,725.88,2401.73,1158.15
"Sample_082",8,1,"Treatment",2512.29,882.24,3391.7,NA,1270.74,1493.41,786.04,868.1,2528.9,1576.28,2062.57,NA,1463.82,1009.71,1808.81,NA,839.17,2167.74,2066.49,847.07,2780.4,2247.58,1894.23,2975.7,422.19,1992.3,390.26
"Sample_083",12,2,"Control",3068.86,NA,2986.85,1992.18,2290.52,1431.91,5886.1,1131.11,3127.76,1723.9,1550.23,967.66,1428.73,731.83,1756.59,721.01,1079.49,1723.72,1537.7,1409.34,3688.24,1381.56,2940.68,3470.36,811.95,1775.07,NA
"Sample_084",24,3,"Treatment",3255.59,1315.85,2396.81,2697.07,2880.89,2071.94,911.42,1150.53,3599.21,1597.49,3304.01,1020.38,1680.84,567.37,1931.69,948.9,1190.67,2794.26,731.3,1418.71,2506.82,1893.73,3221.71,2520.75,1023.2,3053.89,NA
"Sample_085",0,1,"Control",2662.86,811.66,2034.97,1481.85,2228.39,1568.24,971.35,821.86,2643.36,1382.62,1302.6,NA,606.26,864.51,1458.93,769.43,786.07,804.87,1548.86,714.93,2380.37,2179.88,2336.16,2376.34,342.65,1669.47,633.48
"Sample_086",2,2,"Treatment",2722.37,921.79,2212.48,2195.51,1509.96,1299.01,930.3,924.77,2140.67,1490.79,1174.22,879.39,1439.5,805.23,1140.46,NA,778.24,1196.79,1840.05,740.41,2406.08,2917.61,2125.71,1911.91,344.57,2417.53,515.96
"Sample_087",4,3,"Control",2358.36,1064.24,3429.41,2106.22,1918.42,1685.06,540.73,735.13,2257.84,826.35,1634.29,684.33,1319.05,1314.45,2040.66,860.63,370.56,1449.73,1974.85,1100.1,3906.96,1885.26,2509.41,2626.78,781.86,1395.29,NA
"Sample_088",8,1,"Treatment",3153.6,918.37,2973.81,2183.99,1417.1,1522.1,1249.23,639.82,2313.94,1421.21,2045.31,937.67,1331.85,468.66,1916.84,706.41,501.01,1881.6,1274.02,972.51,2675.79,2087.62,3096.91,2646.32,448.23,2045.96,695.92
"Sample_089",12,2,"Control",3744.22,1669.16,3101.39,2145.81,1307.25,1065.49,843.18,876.85,2902,1199.24,2349.77,829.82,1550.48,691.34,1272.8,933.32,939.56,1772.4,1555.51,1275.91,3267.84,2021.64,2446.48,2343.35,848.61,2457.15,839.22
"Sample_090",24,3,"Treatment",4361.79,1483.2,2317.51,2350.28,2585.91,1733.81,1298.63,1269.31,3031.43,1635.72,2832.66,992.01,1828.59,927.92,1640.82,984.08,1392.63,2524.8,1494.6,1806.07,3825.94,1746.32,3064.36,3403.72,1159.36,2962.61,289.62
"Sample_091",0,1,"Control",2427.14,1011.18,2428.32,2653.39,2623.55,1932.23,1196.57,932.08,2077.01,739.29,2106.2,639.81,974.96,450.24,1842.78,704.32,NA,946.19,1690.16,1105.39,2699.46,723.69,2194.97,2942.93,514.35,1840.05,864.49
"Sample_092",2,2,"Treatment",3121.24,1156.56,2904.38,2582.44,1803.24,1923.93,669.24,780.58,2552.54,1241.89,2037.28,842.52,935.22,754.69,1500.97,929.46,467.81,1620.68,1727.1,611.55,2416.13,2744.92,2200.17,2923.51,292.69,1700.24,NA
"Sample_093",4,3,"Control",3425.1,1110.07,2578.57,3226.72,1697.3,2021.83,857.89,681.06,1776.31,1063.37,1360.02,663.61,887.81,810.03,1736.36,723.57,1127.53,1612.64,2199.74,1062.6,3078.42,1844.03,2122.53,2099.9,539.15,1795.21,NA
"Sample_094",8,1,"Treatment",2711.33,1138.29,1857.09,2026.99,1846.81,1447.34,1367.34,1041.83,2918.45,1411.28,1648.67,855.82,1346.68,734.36,1224.02,800.16,833.18,1954.44,1751.58,892.6,3340.8,1807.88,3570.47,2864.59,622.92,2102.98,4696.1
"Sample_095",12,2,"Control",3772.36,1553.93,2375.67,2430.34,2207.28,1763.67,915.81,778.23,2476.14,893.5,1968.72,973.3,1500.3,578.22,1516.77,808.36,1221.44,13021.4,1941.67,1397.07,2553.08,2042.65,NA,2012.4,870.54,1838.08,356.65
"Sample_096",24,3,"Treatment",3122.73,1416.39,2248.5,3319.26,1959.47,1465.54,552.41,1398.66,2973.23,1929.22,2726.45,1050.85,1937.17,678.72,981.33,1219.78,1315.89,2522.48,1719.6,1730.42,3541.43,1737.42,2727.69,3289.49,1047.77,3390.92,NA
"Sample_097",0,1,"Control",1886.68,764.45,3374.35,2125.24,1874.6,1632.1,1753.35,912.95,1803.25,1227.07,1394.77,967.42,760.06,983.59,2704.69,907.98,804.31,1047.19,1531.88,855.64,2118.24,2379.61,1196.88,2432.78,524.46,1706.19,852.21
"Sample_098",2,2,"Treatment",2073.01,1133.95,3408.95,1861.89,1715.94,1361.31,1219.69,729.04,2742.53,1516.02,2009.93,968.98,1249.85,585.75,1835.47,1214.22,653.11,1440.48,1528.76,654.54,2983.36,1954.94,2191.26,2534.54,378.42,1946.04,NA
"Sample_099",4,3,"Control",3313.2,1030.07,3234.46,1634.22,2293.78,1457.47,996.77,1060.89,2042.43,1320.92,1513.53,860.71,1328.37,977.74,1759.69,584.92,773.69,1188.51,1979.21,970.4,2513.21,2326.11,2030.44,1936.7,740.13,2534.95,751.06
"Sample_100",8,1,"Treatment",3047.38,1058.12,1834.63,2331.55,2363.09,2057.14,1572.69,1226.96,2946.61,1523.18,1739.2,1086.09,1344.96,910.29,1772.04,807.93,641.25,1430.87,983.74,991.32,2292.31,2002.18,2530,2537.88,406.79,2710.35,NA
"Sample_101",12,2,"Control",3253.96,1030.45,2770.7,NA,1362.92,1783.56,1453.67,929.87,2820.75,1647.18,2576.33,1082.34,1167.46,530.91,1507.12,627.53,1035.3,1659.83,1356.73,1376.14,3280.22,1533.67,2107.2,2221.61,746.46,2239.93,616.41
"Sample_102",24,3,"Treatment",3672.12,1549.14,1788.32,2778.97,3018.35,1745.81,1123.27,1263.46,2003.46,1647.79,3482.7,781.9,2013.72,464.8,1621.06,1083.17,1161.72,2705.71,1389.29,1607.22,3210.2,2281.94,3476.5,3294.67,966.99,3581.08,NA
"Sample_103",0,1,"Control",2765.48,992.68,3284.7,1147.27,3044.78,2516.48,72.671,610.17,2500.53,805.76,2234.21,966.4,969.09,781.24,1602.59,719.6,722.62,1386.52,1525.63,939.41,3059.07,2991.15,1142.84,1914.11,484.72,1768.22,775.6
"Sample_104",2,2,"Treatment",2390.75,1160.69,2778.36,2015.33,1324.52,1791.89,1011.8,859.03,2068.04,1419.54,2133.41,1016.55,858.27,839.41,1529.5,1219.72,781.15,1522.55,2195.36,787.04,1984.7,1738.53,NA,2256.23,499.43,1993.75,NA
"Sample_105",4,3,"Control",3183.99,1054.17,3601.53,2034.03,1811.48,1674.14,1122.6,990.64,2535.11,1250.47,1607.38,996.83,916.47,942.26,1739.26,806.01,867.44,1072.78,2396.63,1082.46,2128.59,1804.99,2384.09,1921.95,675.26,2174.3,372.71
"Sample_106",8,1,"Treatment",2161.24,1030,2404.27,1761.16,2233.83,2101.05,879.76,1139.42,1885.95,1320.96,2191.53,773.29,1541.75,NA,1220.52,1144.14,690.94,1573.49,1434.81,793.02,2647.6,1626.02,NA,2991.86,368.94,2508.61,4529.84
"Sample_107",12,2,"Control",3885.63,1507.33,2711.05,2382.3,2228.68,17032.6,822.95,1298.36,3223.98,1341.44,1750.99,1281.98,12098.73,788.04,1952.43,602.58,1185.1,1462.88,1929.84,1481.51,3336.6,2566.82,2891.34,2596.66,750.66,2464.22,477.91
"Sample_108",24,3,"Treatment",3543.24,1405.13,2737.35,1491.34,2762.03,2355.99,856.02,1596.21,3439.66,1903.99,3232.81,585.92,1810.36,897.75,1727.71,791.16,1245.94,2549.36,1086.96,1776.72,3369.35,2036.77,3983.59,2724.68,979.85,3147.93,399.09
"Sample_109",0,1,"Control",3478.82,1223.47,3032.32,2062.02,2216.78,1728.49,495.49,887.1,2727.29,1148.77,992.23,821.2,780.71,957.55,1448.72,8560.4,907.6,995.35,1729.45,NA,2790.82,1074.37,2239.53,2143.25,799.83,2066.3,844.84
"Sample_110",2,2,"Treatment",2221.62,807.45,2190.18,2139.26,1263.46,1583.32,1424,804.46,2546.69,1534.58,1504.19,908.32,1096.91,923.17,1236.05,1085.55,477.31,2029.04,1539.35,813.23,2299.26,1254.47,2653.32,2123.45,350.5,2539.19,2092.2
"Sample_111",4,3,"Control",3954.87,1006.5,2824.05,1840.75,2275.63,1438.16,1252.83,733.28,2587.85,1355.65,2157.19,817.79,1098.28,808.46,1826.92,531.5,901.38,1170.56,2156.14,1273.6,1741.62,2359.64,1708.83,2222.28,582.81,1959.9,794.84
"Sample_112",8,1,"Treatment",3534.78,1110.05,3099.71,2232.03,1426.39,1944.5,821.72,850.38,2159.49,961.72,3133.22,1045.01,1326.56,827.56,1025.92,1170.97,652.86,1726.23,1661.27,1042.64,3089.6,2216.3,2611.34,3317.89,533.12,NA,705.7
"Sample_113",12,2,"Control",2835.41,NA,3052.34,2230.06,2206.05,2433.86,984.58,1165.16,1486.74,1702.62,2121.79,907.22,1265.53,909.43,1731.18,443.37,964.09,1547.42,1855.47,1544.86,2819.35,1127.07,1950.41,2034.08,814.61,2185.86,NA
"Sample_114",24,3,"Treatment",3369.4,1738.45,2748.77,2637.02,2171.04,1709.47,793.98,1686.98,2535.65,NA,3518.78,883.81,2188.6,868.72,1242.38,884.49,1118.02,2289.06,1116.21,1926.39,4388.78,1501.61,3739.36,3203.7,1104.27,4010.2,253.93
"Sample_115",0,1,"Control",2230.46,1023.8,2445.56,1914.12,1650.34,1967.49,1210.94,1001.53,1148.64,945.9,1205.56,1051.34,968.73,766.34,1371.6,883.89,734.41,1221.68,1956.7,1163.29,2458.26,2169.86,2184.18,1459.62,484.15,2227.12,812.21
"Sample_116",2,2,"Treatment",1575.31,1104.85,2726.63,1524.37,2351.56,1938.37,NA,492.39,2166.5,1109.38,2189.23,840.74,1077.07,851.56,1141.61,999.3,431.89,1312.06,1807.91,632.53,3237.53,2155.45,1514.83,2598.6,241.58,2020.43,524
"Sample_117",4,3,"Control",3447.32,908.53,2899.42,1460.66,2100.23,2406.79,1326.17,741.37,2161.09,1349.6,1612.77,942.5,1072.48,1020.84,1154.3,598.8,918.66,1227.11,2196.77,981.48,2378.24,1232.04,2514.6,1591.77,632.64,1297.24,500.4
"Sample_118",8,1,"Treatment",3651.14,1015.46,2287.67,1756.54,2088.54,2069.85,1287.52,1170.78,3090.75,1550.43,1713.16,813.03,1197.07,996.77,1189.72,1007.33,805.47,1636.4,1438.79,927.91,2780.21,2398.53,2827.02,1861.71,486.6,2302.52,526.01
"Sample_119",12,2,"Control",3223.59,1455.46,3194.95,2409.29,3094.36,1483.98,615.69,945.36,2649.6,1563.84,1996.85,713.04,1384.81,571.17,1592.36,764.97,1342.02,999.69,1825.03,1603.56,3667.21,1755.82,2906.2,2686.38,918.11,2372.36,507.06
"Sample_120",24,3,"Treatment",3839.17,1719.9,2340.04,2380.46,2119.26,1582,892.56,1194.56,2746.33,1822.07,2894.56,912.05,2130.91,922.41,1709.48,795.51,1292.79,2559.3,1577.58,1803.96,3109.3,2485.71,4272.81,2807.59,1086.78,3797.26,NA
